amount,capex,cash_and_equiv,cff,cfi,cfo,code,commission_net,curr,current_assets,current_debt,current_lease,current_liabilities,depr_depl_amort,earnings,earnings_stock_holders,earnings_wo_tax,ebit,ebitda,equity,equity_stock_holders,exchange,fcf,ffo,gen,gross_profit,id,interest_expense,interest_income,interest_net,link,link_press,long_term_assets,long_term_debt,long_term_lease,long_term_liabilities,month,net_debt,operating_income,period,preliminary,ref_id,revenue,sel_gen_adm_expenses,total_assets,total_debt,total_expenses,total_liabilities,type,year,capital,num2,price2,num2_day,price2_day,num1,price1,num1_day,price1_day,earnings_ps,revenue_ps,ebitda_ps,fcf_ps
1,109400000000,761900000000,9500000000,144300000000,-244300000000,SBER,140700000000,RUB,0,0,0,0,42400000000,315900000000,316200000000,395700000000,0,0,1268000000000,1264500000000,MOEX,-353700000000,0,,0,15506000000,289600000000,850600000000,561000000000,https://cdn.financemarker.ru/reports/2011/MOEX/S/SBER_2011_12_Y_МСФО.pdf,https://www.sberbank.com/common/img/uploaded/files/info/noarchive-ru/presentation_russian_4q12_v2.pdf,0,572200000000,0,0,12,-189700000000,439000000000,Y,0,0,724000000000,341800000000,10835100000000,572200000000,0,9567100000000,МСФО,2011,1765514108880,1000000000,58.8500,1000000000,121.6000,21586948000,79.0600,21586948000,127.3000,13.999235310587336,32.05391007231256,0,-15.659486177592475
1,144400000000,1616800000000,160200000000,-409100000000,919000000000,SBER,170300000000,RUB,0,0,0,0,62600000000,347900000000,348800000000,447900000000,0,0,1623800000000,1611000000000,MOEX,774600000000,0,,0,625000000,452500000000,1157300000000,704800000000,https://cdn.financemarker.ru/reports/2012/MOEX/S/SBER_2012_12_Y_МСФО.pdf,https://www.sberbank.com/common/img/uploaded/files/info/noarchive-ru/presentation_russian_4q12_v2.pdf,0,1076400000000,0,0,12,-540400000000,515300000000,Y,0,0,897900000000,451400000000,15097400000000,1076400000000,0,13473600000000,МСФО,2012,2071908121799.9998,1000000000,67.5600,1000000000,121.6000,21586948000,92.8500,21586948000,127.3000,15.44254673097047,39.753046759571056,0,34.29414190885816
1,137399999999.99998,1909000000000,-58900000000,-356700000000,415300000000,SBER,221300000000,RUB,0,0,0,0,68900000000,362000000000,363800000000,455700000000,0,0,1881400000000,1871700000000,MOEX,277900000000,0,,0,626000000,616400000000,1478600000000,862200000000,https://cdn.financemarker.ru/reports/2013/MOEX/S/SBER_2013_12_Y_МСФО.pdf,https://www.sberbank.com/common/img/uploaded/files/info/noarchive-ru/presentation_ye2013_ru.pdf,0,1278100000000,0,0,12,-630900000000,515000000000,Y,0,0,1124800000000,504200000000,18210300000000,1278100000000,0,16328900000000,МСФО,2013,2260945225920,1000000000,79.8000,1000000000,121.6000,21586948000,101.0400,21586948000,127.3000,16.106647077772525,49.798671338863485,0,12.30356575841942
1,127000000000,2915300000000,-40900000000,-61600000000,831900000000,SBER,259200000000,RUB,0,0,0,0,73700000000,290300000000,292200000000,374200000000,0,0,2020100000000,2015600000000,MOEX,704900000000,0,,0,627000000,818200000000,1837900000000,1019700000000,https://cdn.financemarker.ru/reports/2014/MOEX/S/SBER_2014_12_Y_МСФО.pdf,https://www.sberbank.com/common/img/uploaded/files/info/noarchive-ru/sberbank_groups_ifrs_results_ye14_rus.pdf,0,2072100000000,0,0,12,-843200000000,449200000000,Y,0,0,1357700000000,565100000000,25200800000000,2072100000000,0,23180700000000,МСФО,2014,1201442366680,1000000000,37.6900,1000000000,121.6000,21586948000,53.9100,21586948000,127.3000,12.936674755704047,60.10993605687674,0,31.208288964051274
1,74300000000,3472100000000,-511600000000,-90800000000,294600000000,SBER,319000000000,RUB,0,0,0,0,80800000000,222900000000,223300000000,331200000000,0,0,2375000000000,2372800000000,MOEX,220300000000,0,,0,628000000,1291600000000,2279600000000,988000000000,https://cdn.financemarker.ru/reports/2015/MOEX/S/SBER_2015_12_Y_МСФО.pdf,https://www.sberbank.com/common/img/uploaded/files/info/prezentatsiya_msfo_ue16_ru.pdf,0,2185000000000,0,0,12,-1287100000000,414500000000,Y,0,0,1394500000000,623400000000,27334700000000,2185000000000,0,24959700000000,МСФО,2015,2260497398640,1000000000,76.3300,1000000000,121.6000,21586948000,101.1800,21586948000,127.3000,9.886240496059937,61.73919557436445,0,9.753420426699526
1,112100000000,3928200000000,-244100000000,241100000000,387500000000,SBER,349100000000,RUB,0,0,0,0,83000000000,541900000000,540500000000,677500000000,0,0,2821600000000,2818100000000,MOEX,275400000000,0,,0,629000000,1036200000000,2399000000000,1362800000000,https://cdn.financemarker.ru/reports/2016/MOEX/S/SBER_2016_12_Y_МСФО.pdf,https://www.sberbank.com/common/img/uploaded/files/info/prezentatsiya_msfo_ue16_ru.pdf,0,1900900000000,0,0,12,15080800000000,767600000000,Y,0,0,1833300000000,677600000000,25368500000000,1900900000000,0,22546900000000,МСФО,2016,3839907013800,1000000000,130.1900,1000000000,121.6000,21586948000,171.8500,21586948000,127.3000,23.929749163100745,81.16634438614726,0,12.192882367285744
1,116300000000,4074300000000,-162300000000,-105600000000,64800000000,SBER,377100000000,RUB,0,0,0,0,57400000000,748700000000,750400000000,903100000000,0,0,3436000000000,3432000000000,MOEX,-51500000000,0,,0,955000000,782600000000,2131400000000,1348800000000,https://cdn.financemarker.ru/reports/2017/MOEX/S/SBER_2017_12_Y_МСФО.pdf,https://www.sberbank.com/portalserver/content/atom/747d8d5f-3e81-4999-8e8f-2e86904dec8e/content?id=4d18277d-bb2d-4c43-bc6b-620ecbe99e47,0,1650900000000,0,0,12,-2423400000000,983500000000,Y,0,0,1847300000000,623400000000,27112200000000,1650900000000,0,23676200000000,МСФО,2017,5049050255840,1000000000,190.2600,1000000000,121.6000,21586948000,225.0800,21586948000,127.3000,33.222726682684176,81.78617137649584,0,-2.280077857353725
1,14400000000,3829200000000,-16000000000,-13500000000,-184300000000,SBER,101500000000,RUB,0,0,0,0,16800000000,212100000000,212000000000,281100000000,0,0,3583500000000,3579100000000,MOEX,-198700000000,0,,0,1253000000,216500000000,575100000000,358600000000,https://cdn.financemarker.ru/reports/2018/MOEX/S/SBER_2018_3_Q_МСФО.pdf,https://www.sberbank.com/common/img/uploaded/files/info/ifrs_presentation_rus_1q18.pdf,0,1697700000000,0,0,3,-2131500000000,292100000000,Q,0,0,496800000000,157400000000,27267000000000,1697700000000,0,23683500000000,МСФО,2018,5693397402400,1000000000,214.6300,1000000000,121.6000,21586948000,253.8000,21586948000,127.3000,9.385951568135722,21.995003486084087,0,-8.797115927304565
1,46100000000,3303400000000,-21900000000,-74700000000,30800000000,SBER,205200000000,RUB,0,0,0,0,31100000000,427400000000,427400000000,541200000000,0,0,3489400000000,3484700000000,MOEX,-15300000000,0,,0,140670000000,373800000000,1056300000000,682500000000,https://cdn.financemarker.ru/reports/2018/MOEX/S/SBER_2018_6_6M_МСФО.pdf,https://www.sberbank.com/common/img/uploaded/files/info/ru_ifrs_6m18.pdf,0,1645500000000,0,0,6,-1657900000000,0,6M,0,0,963200000000,296500000000,28786300000000,1645500000000,0,25296900000000,МСФО,2018,4833694034920,1000000000,186.2400,1000000000,121.6000,21586948000,215.2900,21586948000,127.3000,18.92243254821324,42.644096935982674,0,-0.6773823537380969
1,31700000000,3303400000000,-5900000000,-61200000000,215100000000,SBER,103700000000,RUB,0,0,0,0,14300000000,215300000000,215400000000,260100000000,0,0,3489400000000,3484700000000,MOEX,183400000000,0,X,0,3674877000000,157300000000,481200000000,323900000000,https://cdn.financemarker.ru/reports/2018/MOEX/S/SBER_2018_6_6M_МСФО.pdf,https://www.sberbank.com/common/img/uploaded/files/info/ru_ifrs_6m18.pdf,0,1645500000000,0,0,6,-1657900000000,-292100000000,Q,0,0,466400000000,139100000000,28786300000000,1645500000000,0,25296900000000,МСФО,2018,4833694034920,1000000000,186.2400,1000000000,121.6000,21586948000,215.2900,21586948000,127.3000,9.53648098007752,20.649093449898587,0,8.119733573566469
1,79900000000,3339800000000,-306600000000,-102400000000,433600000000,SBER,318100000000,RUB,0,0,0,0,49300000000,655500000000,655600000000,814600000000,0,0,3660700000000,3656300000000,MOEX,353700000000,0,,0,140669000000,572200000000,1614000000000,1041800000000,https://cdn.financemarker.ru/reports/2018/MOEX/S/SBER_2018_9_9M_МСФО.pdf,https://www.sberbank.com/common/img/uploaded/files/info/ifrs2018/rusberbank-ifrs9m2018rus.pdf,0,1598600000000,0,0,9,-1741200000000,0,9M,0,0,1482300000000,451600000000,29247900000000,1598600000000,0,25587200000000,МСФО,2018,4546176751160,1000000000,171.1500,1000000000,121.6000,21586948000,202.6700,21586948000,127.3000,29.025612490895185,65.62639627097916,0,15.659486177592475
1,33800000000,3339800000000,-284700000000,-27700000000,402800000000,SBER,112900000000,RUB,0,0,0,0,18200000000,228100000000,228200000000,273400000000,0,0,3660700000000,3656300000000,MOEX,369000000000,0,X,0,3674878000000,198400000000,557700000000,359300000000,https://cdn.financemarker.ru/reports/2018/MOEX/S/SBER_2018_9_9M_МСФО.pdf,https://www.sberbank.com/common/img/uploaded/files/info/ifrs2018/rusberbank-ifrs9m2018rus.pdf,0,1598600000000,0,0,9,-1741200000000,0,Q,0,0,519100000000,155100000000,29247900000000,1598600000000,0,25587200000000,МСФО,2018,4546176751160,1000000000,171.1500,1000000000,121.6000,21586948000,202.6700,21586948000,127.3000,10.103179942681942,22.982299334996476,0,16.336868531330573
1,131800000000,3741600000000,-298700000000,-121300000000,374500000000,SBER,232900000000,RUB,0,0,0,0,36200000000,404300000000,405500000000,505000000000,0,0,3855800000000,3852000000000,MOEX,242700000000,0,X,0,3674880000000,418000000000,1132000000000,714000000000,https://cdn.financemarker.ru/reports/2018/MOEX/S/SBER_2018_12_Y_МСФО.pdf,https://www.sberbank.com/common/img/uploaded/files/info/ifrs2018/_-ru_ifrs_12m_2802_00.pdf,0,1550900000000,0,0,12,11767400000000,1703800000000,6M,0,0,1041300000000,361100000000,31197500000000,1550900000000,0,27341700000000,МСФО,2018,4182653414360,1000000000,165.9700,1000000000,121.6000,21586948000,186.0700,21586948000,127.3000,17.952846041882243,46.10184607499871,0,10.745143611257262
1,98000000000,3741600000000,-14000000000,-93600000000,-28300000000,SBER,120000000000,RUB,0,0,0,0,18000000000,176200000000,177300000000,231600000000,0,0,3855800000000,3852000000000,MOEX,-126300000000,0,X,0,3674879000000,219600000000,574300000000,354700000000,https://cdn.financemarker.ru/reports/2018/MOEX/S/SBER_2018_12_Y_МСФО.pdf,https://www.sberbank.com/common/img/uploaded/files/info/ifrs2018/_-ru_ifrs_12m_2802_00.pdf,0,1550900000000,0,0,12,11767400000000,1703800000000,Q,0,0,522200000000,206000000000,31197500000000,1550900000000,0,27341700000000,МСФО,2018,4182653414360,1000000000,165.9700,1000000000,121.6000,21586948000,186.0700,21586948000,127.3000,7.8496660992003,23.119546740002235,0,-5.591724920073309
1,177900000000,3741600000000,-320600000000,-196000000000,405300000000,SBER,438100000000,RUB,0,0,0,0,67300000000,831700000000,832900000000,1046200000000,0,0,3855800000000,3852000000000,MOEX,227400000000,0,,0,1849000000,791800000000,2188300000000,1396500000000,https://cdn.financemarker.ru/reports/2018/MOEX/S/SBER_2018_12_Y_МСФО.pdf,https://www.sberbank.com/common/img/uploaded/files/info/ifrs2018/_-ru_ifrs_12m_2802_00.pdf,0,1550900000000,0,0,12,11767400000000,1703800000000,Y,0,0,2004500000000,657600000000,31197500000000,1550900000000,0,27341700000000,МСФО,2018,4182653414360,1000000000,165.9700,1000000000,121.6000,21586948000,186.0700,21586948000,127.3000,36.87527859009548,88.74594301098139,0,10.067761257519166
1,43300000000,4050100000000,-59900000000,-21500000000,296600000000,SBER,102900000000,RUB,0,0,0,0,21800000000,226600000000,227000000000,284000000000,0,0,4058500000000,4058200000000,MOEX,253300000000,0,,0,2039000000,242900000000,580400000000,337500000000,https://cdn.financemarker.ru/reports/2019/MOEX/S/SBER_2019_3_Q_МСФО.pdf,https://www.sberbank.com/common/img/uploaded/files/info/ifrs2019/presentation_ifrs_1q2019_ru.pdf,0,1366500000000,0,0,3,-2683600000000,294800000000,Q,0,0,483000000000,152300000000,31328700000000,1366500000000,0,27270200000000,МСФО,2019,4857334027080,1000000000,190.0200,1000000000,121.6000,21586948000,216.2100,21586948000,127.3000,10.050051914937777,21.384031167026198,0,11.214441189664049
1,68800000000,4111300000000,-422800000000,-44000000000,742900000000,SBER,391400000000,RUB,0,0,0,0,44300000000,476900000000,477100000000,591100000000,0,0,3983100000000,3982000000000,MOEX,674100000000,0,,0,141536000000,495300000000,1185900000000,690600000000,https://cdn.financemarker.ru/reports/2019/MOEX/S/SBER_2019_6_Q_МСФО.pdf,https://www.sberbank.com/common/img/uploaded/files/info/ifrs2019/ru_ifrs_2q19_3007_public.pdf,0,1296500000000,0,0,6,-2814800000000,0,6M,0,0,996600000000,319200000000,31561900000000,1296500000000,0,27578800000000,МСФО,2019,5377869262880,1000000000,206.5000,1000000000,121.6000,21586948000,239.5600,21586948000,127.3000,21.12281836395072,44.12282704152859,0,29.844669585284386
1,25500000000,4111300000000,-362900000000,-22500000000,446300000000,SBER,288500000000,RUB,0,0,0,0,22500000000,250300000000,250100000000,307100000000,0,0,3983100000000,3982000000000,MOEX,420800000000,0,,0,109312000000,252400000000,605500000000,353100000000,https://cdn.financemarker.ru/reports/2019/MOEX/S/SBER_2019_6_Q_МСФО.pdf,https://www.sberbank.com/common/img/uploaded/files/info/ifrs2019/ru_ifrs_2q19_3007_public.pdf,0,1296500000000,0,0,6,-2814800000000,-294800000000,Q,0,0,513600000000,166900000000,31561900000000,1296500000000,0,27578800000000,МСФО,2019,5377869262880,1000000000,206.5000,1000000000,121.6000,21586948000,239.5600,21586948000,127.3000,11.072766449012944,22.73879587450239,0,18.63022839562034
1,93500000000,4571800000000,-428800000000,-85800000000,881000000000,SBER,349600000000,RUB,0,0,0,0,69000000000,633000000000,633000000000,876800000000,0,0,4254100000000,4252600000000,MOEX,787500000000,0,,0,140325000000,744000000000,1788500000000,1044500000000,https://cdn.financemarker.ru/reports/2019/MOEX/S/SBER_2019_9_9M_МСФО.pdf,https://www.sberbank.com/common/img/uploaded/files/info/ifrs2019/ru_ifrs_presentation_3q19.pdf,0,1382600000000,0,0,9,-3189200000000,0,9M,0,0,1535500000000,486600000000,30254200000000,1382600000000,0,26000100000000,МСФО,2019,5110239583640,1000000000,200.7200,1000000000,121.6000,21586948000,227.4300,21586948000,127.3000,28.025034635046755,67.98173883430377,0,34.86526820710793
1,24700000000,4571800000000,-6000000000,-41800000000,138100000000,SBER,-41800000000,RUB,0,0,0,0,24700000000,156100000000,155900000000,285700000000,0,0,4254100000000,4252600000000,MOEX,113400000000,0,X,0,3674881000000,248700000000,602600000000,353900000000,https://cdn.financemarker.ru/reports/2019/MOEX/S/SBER_2019_9_9M_МСФО.pdf,https://www.sberbank.com/common/img/uploaded/files/info/ifrs2019/ru_ifrs_presentation_3q19.pdf,0,1382600000000,0,0,9,-3189200000000,0,Q,0,0,538900000000,167400000000,30254200000000,1382600000000,0,26000100000000,МСФО,2019,5110239583640,1000000000,200.7200,1000000000,121.6000,21586948000,227.4300,21586948000,127.3000,6.902216271096033,23.85891179277519,0,5.020598621823542
1,137000000000,3401900000000,-19800000000,-203300000000,-210100000000,SBER,106500000000,RUB,0,0,0,0,53500000000,368100000000,367800000000,547600000000,0,0,4486700000000,4478300000000,MOEX,-347100000000,0,X,0,3674883000000,485200000000,1210100000000,724900000000,https://cdn.financemarker.ru/reports/2019/MOEX/S/SBER_2019_12_Y_МСФО.pdf,https://www.sberbank.com/common/img/uploaded/files/info/ifrs2019/ru_ifrs_presentation_4q19.pdf,0,1349600000000,0,0,12,10094100000000,1863300000000,6M,0,0,1118700000000,405400000000,29958900000000,1349600000000,0,25472200000000,МСФО,2019,5709855444600,1000000000,227.8500,1000000000,121.6000,21586948000,253.9500,21586948000,127.3000,16.283740503586408,49.52860386449732,0,-15.36728202499957
1,112300000000,3401900000000,-13800000000,-161500000000,-348200000000,SBER,148300000000,RUB,0,0,0,0,28800000000,212000000000,211900000000,261900000000,0,0,4486700000000,4478300000000,MOEX,-460500000000,0,X,0,3674882000000,236500000000,607500000000,371000000000,https://cdn.financemarker.ru/reports/2019/MOEX/S/SBER_2019_12_Y_МСФО.pdf,https://www.sberbank.com/common/img/uploaded/files/info/ifrs2019/ru_ifrs_presentation_4q19.pdf,0,1349600000000,0,0,12,10094100000000,1863300000000,Q,0,0,579800000000,238000000000,29958900000000,1349600000000,0,25472200000000,МСФО,2019,5709855444600,1000000000,227.8500,1000000000,121.6000,21586948000,253.9500,21586948000,127.3000,9.381524232490374,25.669692071722128,0,-20.387880646823113
1,205800000000,3401900000000,-442600000000,-247300000000,532800000000,SBER,497900000000,RUB,0,0,0,0,97800000000,845000000000,844900000000,1138700000000,0,0,4486700000000,4478300000000,MOEX,327000000000,0,,0,4027000000,980500000000,2396000000000,1415500000000,https://cdn.financemarker.ru/reports/2019/MOEX/S/SBER_2019_12_Y_МСФО.pdf,https://www.sberbank.com/common/img/uploaded/files/info/ifrs2019/ru_ifrs_presentation_4q19.pdf,0,1349600000000,0,0,12,10094100000000,1863300000000,Y,0,45726000000,2115300000000,724600000000,29958900000000,1349600000000,0,25472200000000,МСФО,2019,5709855444600,1000000000,227.8500,1000000000,121.6000,21586948000,253.9500,21586948000,127.3000,37.40655886753713,93.65143090602591,0,14.477387560284816
1,28400000000,3792000000000,-16700000000,-8600000000,145600000000,SBER,126400000000,RUB,0,0,0,0,27100000000,120500000000,120200000000,157700000000,0,0,4599600000000,4590600000000,MOEX,117200000000,0,,0,105076000000,211500000000,583400000000,371900000000,https://cdn.financemarker.ru/reports/2020/MOEX/S/SBER_2020_3_Q_МСФО.pdf,https://www.sberbank.com/common/img/uploaded/ir/docs/ru_ifrs_presentation_1q_2020.pdf,0,1481800000000,0,0,3,-2310200000000,0,Q,0,45725000000,549300000000,169200000000,32068900000000,1481800000000,0,27469300000000,МСФО,2020,4203741018880,1000000000,176.4800,1000000000,121.6000,21586948000,186.5600,21586948000,127.3000,5.321657445707141,24.31935469989128,0,5.188837376346729
1,64100000000.00001,4295500000000.0005,-29500000000,-45000000000,460800000000,SBER,246400000000,RUB,0,0,0,0,55400000000,287200000000,287200000000,366600000000,0,0,4827600000000,4819000000000,MOEX,396700000000,0,,0,139905000000,407800000000,1178200000000,770400000000,https://cdn.financemarker.ru/reports/2020/MOEX/S/SBER_2020_6_6M_МСФО.pdf,https://www.sberbank.com/common/img/uploaded/files/info/ifrs2020/ru_ifrs_presentation_2q_2020_3007_public.pdf,0,1456600000000,0,0,6,-2838900000000,0,6M,0,45724000000,1112700000000,341600000000,32383400000000.004,1456600000000,0,27555800000000,МСФО,2020,4585403699160,1000000000,188.7900,1000000000,121.6000,21586948000,203.6700,21586948000,127.3000,12.715307973436694,49.262963725776494,0,17.563240505091702
1,35700000000,4295500000000.0005,-12800000000,-36400000000,315200000000,SBER,120000000000,RUB,0,0,0,0,28300000000,166700000000,167000000000,208900000000,0,0,4827600000000,4819000000000,MOEX,279500000000,0,X,0,3674884000000,196300000000,594800000000,398500000000,https://cdn.financemarker.ru/reports/2020/MOEX/S/SBER_2020_6_6M_МСФО.pdf,https://www.sberbank.com/common/img/uploaded/files/info/ifrs2020/ru_ifrs_presentation_2q_2020_3007_public.pdf,0,1456600000000,0,0,6,-2838900000000,0,Q,0,0,563400000000,172400000000,32383400000000.004,1456600000000,0,27555800000000,МСФО,2020,4585403699160,1000000000,188.7900,1000000000,121.6000,21586948000,203.6700,21586948000,127.3000,7.393650527729554,24.943609025885216,0,12.374403128744973
1,115999999999.99998,4103799999999.9995,-33599999999.999996,-51200000000,177700000000,SBER,394100000000,RUB,0,0,0,0,85400000000,558600000000,559300000000,699900000000,0,0,4849000000000,4837300000000,MOEX,61699999999.99999,0,,0,139906000000,595900000000,1777600000000,1181700000000,https://cdn.financemarker.ru/reports/2020/MOEX/S/SBER_2020_9_9M_МСФО.pdf,https://www.sberbank.com/common/img/uploaded/files/info/ifrs2020/ru_ifrs_presentation_3q_2020_public.pdf,0,1374300000000,0,0,9,-2729500000000,0,9M,0,45723000000,1735200000000,517099999999.99994,35123799999999.996,1374300000000,0,30274799999999.996,МСФО,2020,5126178063520,1000000000,220.7600,1000000000,121.6000,21586948000,227.2400,21586948000,127.3000,24.762088264425987,76.82312811806182,0,2.7316660931791223
1,51900000000,4103799999999.9995,-4099999999.9999995,-6200000000,-283100000000,SBER,147700000000,RUB,0,0,0,0,29999999999.999996,271399999999.99997,272099999999.99997,333300000000,0,0,4849000000000,4837300000000,MOEX,-335000000000,0,X,0,3674884999999.9995,188100000000,599400000000,411300000000,https://cdn.financemarker.ru/reports/2020/MOEX/S/SBER_2020_9_9M_МСФО.pdf,https://www.sberbank.com/common/img/uploaded/files/info/ifrs2020/ru_ifrs_presentation_3q_2020_public.pdf,0,1374300000000,0,0,9,-2729500000000,0,Q,0,0,622500000000,175500000000,35123799999999.996,1374300000000,0,30274799999999.996,МСФО,2020,5126178063520,1000000000,220.7600,1000000000,121.6000,21586948000,227.2400,21586948000,127.3000,12.04678029098929,27.560164392285316,0,-14.831574411912579
1,100000000000,3868700000000,-421000000000,-59400000000,203100000000,SBER,306200000000,RUB,0,0,0,0,-55400000000,473100000000,473900000000,575700000000,0,0,5046500000000,5044800000000,MOEX,103100000000,0,,0,140708000000,383300000000,1221100000000,837800000000,https://cdn.financemarker.ru/reports/2020/MOEX/S/SBER_2020_12_Y_МСФО.pdf,https://www.sberbank.com/ru/investor-relations/ir/news/article?newsID=a020cfe4-518f-4e9c-881e-90961e42d416&blockID=8&regionID=77&lang=ru&type=NEWS,0,0,0,0,12,0,0,6M,0,0,1279000000000,418200000000,36016000000000,0,0,30969500000000,МСФО,2020,6115656811840,1000000000,242.2800,1000000000,121.6000,21586948000,272.0800,21586948000,127.3000,20.981143623299616,56.62562290398862,0,4.564583050352796
1,48100000000,3868700000000,-416900000000,-53200000000,486200000000,SBER,158500000000,RUB,0,0,0,0,-85400000000,201700000000,201800000000,242400000000,0,0,5046500000000,5044800000000,MOEX,438100000000,0,,0,141242000000,195200000000,621700000000,426500000000,https://cdn.financemarker.ru/reports/2020/MOEX/S/SBER_2020_12_Y_МСФО.pdf,https://www.sberbank.com/ru/investor-relations/ir/news/article?newsID=a020cfe4-518f-4e9c-881e-90961e42d416&blockID=8&regionID=77&lang=ru&type=NEWS,0,0,0,0,12,0,0,Q,0,0,656500000000,242700000000,36016000000000,0,0,30969500000000,МСФО,2020,6115656811840,1000000000,242.2800,1000000000,121.6000,21586948000,272.0800,21586948000,127.3000,8.934363332310324,29.06545851170331,0,19.396157462265375
1,164100000000,3868700000000,-450500000000,-104400000000,663900000000,SBER,545300000000,RUB,0,0,0,0,0,760300000000,761100000000,976100000000,0,0,5046500000000,5044800000000,MOEX,499800000000,0,,0,140405000000,787500000000,2377200000000,1589700000000,https://cdn.financemarker.ru/reports/2020/MOEX/S/SBER_2020_12_Y_МСФО.pdf,https://www.sberbank.com/ru/investor-relations/ir/news/article?newsID=a020cfe4-518f-4e9c-881e-90961e42d416&blockID=8&regionID=77&lang=ru&type=NEWS,0,0,0,0,12,-3868700000000,0,Y,0,51203000000,2391700000000,738500000000,36016000000000,0,0,30969500000000,МСФО,2020,6115656811840,1000000000,242.2800,1000000000,121.6000,21586948000,272.0800,21586948000,127.3000,33.69645159673631,105.88858662976511,0,22.127823555444497
1,24900000000,3058600000000,31199999999.999996,-26100000000,384600000000,SBER,134299999999.99998,RUB,0,0,0,0,0,304500000000,304900000000,377300000000,0,0,5261200000000,5254500000000,MOEX,359700000000,0,,0,20501000000,195500000000,617000000000,421500000000,https://cdn.financemarker.ru/reports/2021/MOEX/S/SBER_2021_3_Q_МСФО.pdf,https://www.sberbank.com/ru/investor-relations/ir/news/article?newsID=a0183c56-0256-4f91-85a1-fa43c4fd8f14&blockID=8&regionID=77&lang=ru&type=NEWS,0,0,0,0,3,0,0,Q,0,53001000000,620000000000,179900000000,37500400000000,0,0,32239199999999.996,МСФО,2021,6575672293920,1000000000,271.4200,1000000000,121.6000,21586948000,292.0400,21586948000,127.3000,13.49894638266312,27.44948100115164,0,15.925126316313298
1,95000000000,4303600000000,-398500000000,-119400000000,440900000000,SBER,291400000000,RUB,0,0,0,0,0,629800000000,630800000000,773600000000,0,0,5143600000000,5136800000000,MOEX,345900000000,0,,0,213737000000,405400000000,1266400000000,861000000000,https://cdn.financemarker.ru/reports/2021/MOEX/S/SBER_2021_6_Q_МСФО.pdf,https://www.sberbank.com/ru/investor-relations/ir/news/article?newsID=0ca56675-6bfe-4535-8716-eb05abdee553&blockID=8&regionID=77&lang=ru&type=NEWS,0,0,0,0,6,0,0,6M,0,59336000000,1295700000000,381500000000,37936400000000,0,0,32792800000000,МСФО,2021,6864697401040,1000000000,281.1100,1000000000,121.6000,21586948000,304.9800,21586948000,127.3000,27.92763325084912,57.364987956761574,0,15.314153997255406
1,70100000000,4303600000000,-429700000000,-93300000000,56300000000,SBER,157100000000,RUB,0,0,0,0,0,325300000000,325900000000,396300000000,0,0,5143600000000,5136800000000,MOEX,-13800000000,0,,0,190708000000,209900000000,649400000000,439500000000,https://cdn.financemarker.ru/reports/2021/MOEX/S/SBER_2021_6_Q_МСФО.pdf,https://www.sberbank.com/ru/investor-relations/ir/news/article?newsID=0ca56675-6bfe-4535-8716-eb05abdee553&blockID=8&regionID=77&lang=ru&type=NEWS,0,0,0,0,6,0,0,Q,0,0,675700000000,201600000000,37936400000000,0,0,32792800000000,МСФО,2021,6864697401040,1000000000,281.1100,1000000000,121.6000,21586948000,304.9800,21586948000,127.3000,14.428686868185999,29.91550695560994,0,-0.6109723190578913
1,171600000000,2641000000000,-381300000000,-69300000000,755800000000,SBER,455700000000,RUB,0,0,0,0,0,978100000000,980100000000,1125500000000,0,0,5476300000000,5469600000000,MOEX,584200000000,0,,0,226662000000,649700000000,1980300000000,1330600000000,https://cdn.financemarker.ru/reports/2021/MOEX/S/SBER_2021_9_Q_МСФО.pdf,https://www.sberbank.ru/ru/press_center/all/article?newsID=6bcbc797-03e8-4b24-8ba1-271d48549f02&blockID=1303&regionID=77&lang=ru&type=NEWS,0,0,0,0,9,0,0,9M,0,58988000000,2010600000000,591600000000,39584000000000,0,0,34107700000000,МСФО,2021,7567276919560.001,1000000000,314.7100,1000000000,121.6000,21586948000,335.9700,21586948000,127.3000,43.392316660046326,89.01601048534755,0,25.8644948401174
1,76600000000,2641000000000,17200000000,50100000000,314900000000,SBER,164300000000,RUB,0,0,0,0,0,348300000000,349300000000,351900000000,0,0,5476300000000,5469600000000,MOEX,238300000000,0,X,0,3674886000000,244300000000,713900000000,469600000000,https://cdn.financemarker.ru/reports/2021/MOEX/S/SBER_2021_9_Q_МСФО.pdf,https://www.sberbank.ru/ru/press_center/all/article?newsID=6bcbc797-03e8-4b24-8ba1-271d48549f02&blockID=1303&regionID=77&lang=ru&type=NEWS,0,0,0,0,9,0,0,Q,0,0,714900000000,210100000000,39584000000000,0,0,34107700000000,МСФО,2021,7567276919560.001,1000000000,314.7100,1000000000,121.6000,21586948000,335.9700,21586948000,127.3000,15.464683409197205,31.65102252858598,0,10.550340842861992
1,204600000000,4215600000000.0005,-2800000000,-101600000000,356600000000,SBER,325400000000,RUB,0,0,0,0,0,616100000000,619900000000,701000000000,0,0,5644500000000,5638600000000,MOEX,152000000000,0,,0,196701000000,523700000000.00006,1464700000000,941000000000,https://cdn.financemarker.ru/reports/2021/MOEX/S/SBER_2021_12_6M_МСФО.pdf,https://www.sberbank.com/ru/investor-relations/ir/news/article?newsID=95b8580d-3889-48b1-8663-a7c483b96158&blockID=8&regionID=77&lang=ru&type=NEWS,0,0,0,0,12,0,0,6M,0,0,1455200000000,477100000000,41165500000000,0,0,35521000000000,МСФО,2021,6606735545160,1000000000,278.0900,1000000000,121.6000,21586948000,293.1700,21586948000,127.3000,27.44505366550629,64.4265883110901,0,6.7295501809274985
1,128000000000.00002,4215600000000.0005,-20000000000,-151700000000,41700000000,SBER,161100000000,RUB,0,0,0,0,0,267800000000.00003,270600000000.00003,349100000000,0,0,5644500000000,5638600000000,MOEX,-86300000000,0,,0,233949000000,279400000000,750800000000,471400000000,https://cdn.financemarker.ru/reports/2021/MOEX/S/SBER_2021_12_6M_МСФО.pdf,https://www.sberbank.com/ru/investor-relations/ir/news/article?newsID=95b8580d-3889-48b1-8663-a7c483b96158&blockID=8&regionID=77&lang=ru&type=NEWS,0,0,0,0,12,-4215600000000.0005,0,Q,0,0,740300000000,267000000000.00003,41165500000000,0,0,35521000000000,МСФО,2021,6606735545160,1000000000,278.0900,1000000000,121.6000,21586948000,293.1700,21586948000,127.3000,11.980370256309087,32.775565782504124,0,-3.820790661934494
1,299600000000,4215600000000.0005,-401300000000,-221000000000,797500000000,SBER,616800000000,RUB,0,0,0,0,0,1245900000000,1250700000000,1474600000000,0,0,5644500000000,5638600000000,MOEX,497900000000,0,,0,246391000000,929100000000,2731100000000,1802000000000,https://cdn.financemarker.ru/reports/2021/MOEX/S/SBER_2021_12_6M_МСФО.pdf,https://www.sberbank.com/ru/investor-relations/ir/news/article?newsID=95b8580d-3889-48b1-8663-a7c483b96158&blockID=8&regionID=77&lang=ru&type=NEWS,0,0,0,0,12,0,0,Y,0,70770000000,2750900000000,858600000000,41165500000000,0,0,35521000000000,МСФО,2021,6606735545160,1000000000,278.0900,1000000000,121.6000,21586948000,293.1700,21586948000,127.3000,55.37268691635541,121.79157626785168,0,22.043704178182903